Name,School
John Doe,Adelphi University
John Doe,Adelphi University
John Doe,Adelphi University
John Doe,Adelphi University
John Doe,Adelphi University
John Doe,Adelphi University
John Doe,Adelphi University
John Doe,Adelphi University
John Doe,Adelphi University
John Doe,Adelphi University
John Doe,Adelphi University
John Doe,Adelphi University
John Doe,Adelphi University
John Doe,Adelphi University
John Doe,Adelphi University
John Doe,Adelphi University
John Doe,Adelphi University
John Doe,Adelphi University
John Doe,Adelphi University
John Doe,Adelphi University
John Doe,Adelphi University
John Doe,Adelphi University
John Doe,Adelphi University
John Doe,Adelphi University
John Doe,Adelphi University
John Doe,Adelphi University
John Doe,Adelphi University
John Doe,Barnard College
John Doe,Beacon College
John Doe,Belmont University
John Doe,Bentley University
John Doe,Binghamton University
John Doe,Binghamton University
John Doe,Binghamton University
John Doe,Binghamton University
John Doe,Binghamton University
John Doe,Binghamton University
John Doe,Binghamton University
John Doe,Binghamton University
John Doe,Binghamton University
John Doe,Boston University
John Doe,Boston University
John Doe,Boston University
John Doe,Bowling Green State University-Main Campus
John Doe,California Polytechnic State University-San Luis Obispo
John Doe,California University of Pennsylvania
John Doe,Clemson University
John Doe,Columbia College Chicago
John Doe,Culinary Institute of America
John Doe,CUNY Brooklyn College
John Doe,CUNY Queens College
John Doe,Duke University
John Doe,East Carolina University
John Doe,Eckerd College
John Doe,Electrical Training Center
John Doe,Farmingdale State College
John Doe,Farmingdale State College
John Doe,Farmingdale State College
John Doe,Farmingdale State College
John Doe,Farmingdale State College
John Doe,Farmingdale State College
John Doe,Farmingdale State College
John Doe,Farmingdale State College
John Doe,Farmingdale State College
John Doe,Farmingdale State College
John Doe,Farmingdale State College
John Doe,Farmingdale State College
John Doe,Farmingdale State College
John Doe,Farmingdale State College
John Doe,Farmingdale State College
John Doe,Farmingdale State College
John Doe,Farmingdale State College
John Doe,Farmingdale State College
John Doe,Fashion Institute of Technology
John Doe,Florida Atlantic University
John Doe,Florida State University
John Doe,Fordham University
John Doe,Fordham University
John Doe,Georgetown University
John Doe,Hartwick College
John Doe,High Point University
John Doe,Hobart William Smith Colleges
John Doe,Hobart William Smith Colleges
John Doe,Hofstra University
John Doe,Hofstra University
John Doe,Hofstra University
John Doe,Hofstra University
John Doe,Hofstra University
John Doe,Hofstra University
John Doe,Hofstra University
John Doe,Indiana University-Bloomington
John Doe,Iona College
John Doe,Iona College
John Doe,Iona College
John Doe,Ithaca College
John Doe,Ithaca College
John Doe,Ithaca College
John Doe,Ithaca College
John Doe,Jacksonville University
John Doe,Jefferson (Philadelphia University + Thomas Jefferson University)
John Doe,Johnson & Wales University-Providence
John Doe,"Keiser University, West Palm Beach"
John Doe,Kutztown University of Pennsylvania
John Doe,Lehigh University
John Doe,Lehigh University
John Doe,Lehigh University
John Doe,Lehigh University
John Doe,Lehigh University
John Doe,Liberty University
John Doe,Long Island University
John Doe,Long Island University
John Doe,Long Island University
John Doe,Long Island University
John Doe,Long Island University
John Doe,Louisiana State University
John Doe,Manhattan College
John Doe,Manhattan College
John Doe,Manhattan College
John Doe,Manhattan College
John Doe,Manhattan College
John Doe,Marist College
John Doe,Marywood University
John Doe,Millersville University of Pennsylvania
John Doe,Molloy College
John Doe,Molloy College
John Doe,Molloy College
John Doe,Molloy College
John Doe,Molloy College
John Doe,Molloy College
John Doe,Molloy College
John Doe,Molloy College
John Doe,Molloy College
John Doe,Molloy College
John Doe,Molloy College
John Doe,Molloy College
John Doe,Molloy College
John Doe,Molloy College
John Doe,Molloy College
John Doe,Molloy College
John Doe,Molloy College
John Doe,Molloy College
John Doe,Monmouth University
John Doe,Monmouth University
John Doe,Monmouth University
John Doe,Nassau Community College
John Doe,Nassau Community College
John Doe,Nassau Community College
John Doe,Nassau Community College
John Doe,Nassau Community College
John Doe,Nassau Community College
John Doe,Nassau Community College
John Doe,Nassau Community College
John Doe,Nassau Community College
John Doe,Nassau Community College
John Doe,Nassau Community College
John Doe,Nassau Community College
John Doe,Nassau Community College
John Doe,Nassau Community College
John Doe,Nassau Community College
John Doe,Nassau Community College
John Doe,Nassau Community College
John Doe,Nassau Community College
John Doe,Nassau Community College
John Doe,Nassau Community College
John Doe,Nassau Community College
John Doe,Nassau Community College
John Doe,Nassau Community College
John Doe,Nassau Community College
John Doe,Nassau Community College
John Doe,Nassau Community College
John Doe,Nassau Community College
John Doe,Nassau Community College
John Doe,Nassau Community College
John Doe,Nassau Community College
John Doe,Nassau Community College
John Doe,Nassau Community College
John Doe,Nassau Community College
John Doe,Nassau Community College
John Doe,Nassau Community College
John Doe,Nassau Community College
John Doe,Nassau Community College
John Doe,Nassau Community College
John Doe,Nassau Community College
John Doe,Nassau Community College
John Doe,Nassau Community College
John Doe,Nassau Community College
John Doe,Nassau Community College
John Doe,Nassau Community College
John Doe,Nassau Community College
John Doe,Nassau Community College
John Doe,Nassau Community College
John Doe,Nassau Community College
John Doe,Nassau Community College
John Doe,Nassau Community College
John Doe,Nassau Community College
John Doe,Nassau Community College
John Doe,Nassau Community College
John Doe,Nassau Community College
John Doe,Nassau Community College
John Doe,Nassau Community College
John Doe,Nassau Community College
John Doe,Nassau Community College
John Doe,Nassau Community College
John Doe,Nassau Community College
John Doe,Nassau Community College
John Doe,Nassau Community College
John Doe,Nassau Community College
John Doe,Nassau Community College
John Doe,Nassau Community College
John Doe,Nassau Community College
John Doe,Navarro College
John Doe,New York Institute of Technology
John Doe,New York Institute of Technology
John Doe,New York University
John Doe,Northeastern University
John Doe,Nova Southeastern University
John Doe,Nova Southeastern University
John Doe,Oberlin College
John Doe,Oberlin College
John Doe,Oberlin College
John Doe,Oberlin College
John Doe,Ohio State University-Main Campus
John Doe,Pace University
John Doe,Pace University
John Doe,Pace University
John Doe,Pace University
John Doe,Pace University
John Doe,Pace University
John Doe,Pace University
John Doe,Pennsylvania State University-Main Campus
John Doe,Pennsylvania State University-Main Campus
John Doe,Pennsylvania State University-Main Campus
John Doe,Pennsylvania State University-Main Campus
John Doe,Providence College
John Doe,Queensborough Community College
John Doe,Rochester Institute of Technology
John Doe,Rochester Institute of Technology
John Doe,Rochester Institute of Technology
John Doe,Rochester Institute of Technology
John Doe,Rowan University
John Doe,Rutgers University-New Brunswick
John Doe,Sacred Heart University
John Doe,Siena College
John Doe,Siena College
John Doe,Siena College
John Doe,St John's University-New York
John Doe,St John's University-New York
John Doe,St John's University-New York
John Doe,St John's University-New York
John Doe,St John's University-New York
John Doe,St John's University-New York
John Doe,St John's University-New York
John Doe,St John's University-New York
John Doe,St John's University-New York
John Doe,St John's University-New York
John Doe,St John's University-New York
John Doe,St John's University-New York
John Doe,St John's University-New York
John Doe,St John's University-New York
John Doe,State University of New York at New Paltz
John Doe,State University of New York at New Paltz
John Doe,State University of New York at New Paltz
John Doe,State University of New York at New Paltz
John Doe,State University of New York at New Paltz
John Doe,State University of New York at New Paltz
John Doe,State University of New York at New Paltz
John Doe,State University of New York at New Paltz
John Doe,State University of New York at New Paltz
John Doe,Stetson University
John Doe,Stevens Institute of Technology
John Doe,Stony Brook University
John Doe,Stony Brook University
John Doe,Stony Brook University
John Doe,Stony Brook University
John Doe,Stony Brook University
John Doe,Stony Brook University
John Doe,Stony Brook University
John Doe,Stony Brook University
John Doe,Stony Brook University
John Doe,Suffolk County Community College
John Doe,Suffolk County Community College
John Doe,Suffolk County Community College
John Doe,SUNY at Albany
John Doe,SUNY at Albany
John Doe,SUNY College at Geneseo
John Doe,SUNY College at Old Westbury
John Doe,SUNY College at Old Westbury
John Doe,SUNY College at Old Westbury
John Doe,SUNY College at Oswego
John Doe,SUNY College at Plattsburgh
John Doe,SUNY College at Plattsburgh
John Doe,SUNY College of Agriculture and Technology at Cobleskill
John Doe,SUNY College of Agriculture and Technology at Cobleskill
John Doe,SUNY College of Agriculture and Technology at Cobleskill
John Doe,SUNY College of Environmental Science and Forestry
John Doe,SUNY College of Technology at Alfred
John Doe,SUNY College of Technology at Alfred
John Doe,SUNY College of Technology at Alfred
John Doe,SUNY College of Technology at Delhi
John Doe,SUNY College of Technology at Delhi
John Doe,SUNY Cortland
John Doe,SUNY Cortland
John Doe,SUNY Cortland
John Doe,SUNY Cortland
John Doe,SUNY Cortland
John Doe,SUNY Cortland
John Doe,SUNY Cortland
John Doe,SUNY Maritime College
John Doe,SUNY Maritime College
John Doe,SUNY Maritime College
John Doe,SUNY Oneonta
John Doe,SUNY Oneonta
John Doe,SUNY Oneonta
John Doe,SUNY Oneonta
John Doe,SUNY Oneonta
John Doe,SUNY Oneonta
John Doe,SUNY Oneonta
John Doe,SUNY Oneonta
John Doe,Texas A&M University-College Station
John Doe,The Sage Colleges
John Doe,The University of Tampa
John Doe,The University of Tampa
John Doe,The University of Tampa
John Doe,The University of Tampa
John Doe,The University of Tampa
John Doe,The University of Tampa
John Doe,The University of Tampa
John Doe,The University of Tampa
John Doe,The University of Tennessee-Knoxville
John Doe,The University of Tennessee-Knoxville
John Doe,The University of Tennessee-Knoxville
John Doe,The University of Tennessee-Knoxville
John Doe,Towson University
John Doe,United States Coast Guard Academy
John Doe,University at Buffalo
John Doe,University at Buffalo
John Doe,University at Buffalo
John Doe,University at Buffalo
John Doe,University at Buffalo
John Doe,University at Buffalo
John Doe,University at Buffalo
John Doe,University at Buffalo
John Doe,University at Buffalo
John Doe,University at Buffalo
John Doe,University at Buffalo
John Doe,University at Buffalo
John Doe,University at Buffalo
John Doe,University at Buffalo
John Doe,University of Central Florida
John Doe,University of Delaware
John Doe,University of Delaware
John Doe,University of Delaware
John Doe,University of Delaware
John Doe,University of Delaware
John Doe,University of Delaware
John Doe,University of Florida
John Doe,University of Georgia
John Doe,University of Hartford
John Doe,University of Maine
John Doe,University of Maryland-College Park
John Doe,University of Maryland-College Park
John Doe,University of Massachusetts-Amherst
John Doe,University of Massachusetts-Amherst
John Doe,University of Massachusetts-Amherst
John Doe,University of Miami
John Doe,University of Michigan-Ann Arbor
John Doe,University of Mississippi
John Doe,University of New Haven
John Doe,University of New Haven
John Doe,University of Rhode Island
John Doe,University of Rhode Island
John Doe,University of Rhode Island
John Doe,University of Rhode Island
John Doe,University of Scranton
John Doe,University of South Carolina-Columbia
John Doe,University of South Carolina-Columbia
John Doe,University of South Carolina-Columbia
John Doe,University of South Carolina-Columbia
John Doe,University of Vermont
John Doe,University of Wisconsin-Madison
John Doe,Ursinus College
John Doe,Vanderbilt University
John Doe,Vanderbilt University
John Doe,Vanderbilt University
John Doe,Vanderbilt University
John Doe,Virginia Polytechnic Institute and State University
John Doe,Warren Wilson College
John Doe,West Virginia University
John Doe,West Virginia University
John Doe,West Virginia University
John Doe,Wheaton College
John Doe,Widener University
John Doe,Wilkes University
John Doe,Xavier University
